{"cameraMode":{"drawMode":0,"name":"Shaded","section":"Shading Mode"},"sceneLighting":true,"audioPlay":false,"sceneViewState":{"showFog":true,"showMaterialUpdate":false,"showSkybox":true,"showFlares":true,"showImageEffects":true,"showParticleSystems":true,"showVisualEffectGraphs":true,"m_FxEnabled":true},"in2DMode":false,"pivot":{"x":0.1844470500946045,"y":-0.6804616451263428,"z":-1.5286848545074463},"rotation":{"x":-0.04975522309541702,"y":0.9501993656158447,"z":-0.22229260206222535,"w":-0.21268175542354585},"size":4.029602527618408,"orthographic":false}